id,clip,label,file,description
1,idle,neutral,poses/stella_001_idle_neutral.png,"Balanced standing, both hands relaxed beside thighs, head facing viewer, soft closed-mouth smile."
2,idle,breathe_in,poses/stella_002_idle_breathe_in.png,"Same stance; shoulders rise only slightly, chest gently expands, unchanged feet and hands."
3,idle,blink,poses/stella_003_idle_blink.png,"Same relaxed stance; both eyelids softly closed in a natural blink, slight exhale."
4,idle,breathe_out,poses/stella_004_idle_breathe_out.png,"Same stance; eyes reopen, shoulders settle, head tilted toward screen-right by 3 degrees."
5,idle,ready,poses/stella_005_idle_ready.png,"Same standing stance; weight shifts gently onto left foot, right heel slightly lifted, preparing to walk screen-right."
6,walk_right,phase_01,poses/stella_006_walk_right_phase_01.png,"Walk-in-place cycle toward SCREEN-RIGHT, consistent three-quarter right-facing torso and face, pleasant expression, modest adult stride, minimal body bob. Left leg forward at heel contact, right leg extended back, right heel raised, right arm slightly forward, left arm back."
7,walk_right,phase_02,poses/stella_007_walk_right_phase_02.png,"Walk-in-place cycle toward SCREEN-RIGHT, consistent three-quarter right-facing torso and face, pleasant expression, modest adult stride, minimal body bob. Weight settling onto forward left foot, left knee softens, back right heel lifts, arms swing inward slightly."
8,walk_right,phase_03,poses/stella_008_walk_right_phase_03.png,"Walk-in-place cycle toward SCREEN-RIGHT, consistent three-quarter right-facing torso and face, pleasant expression, modest adult stride, minimal body bob. Left foot planted supporting weight, right foot lifting off behind with knee bending, right arm returning toward side."
9,walk_right,phase_04,poses/stella_009_walk_right_phase_04.png,"Walk-in-place cycle toward SCREEN-RIGHT, consistent three-quarter right-facing torso and face, pleasant expression, modest adult stride, minimal body bob. Left supporting leg almost straight, right knee passes next to left knee, right foot airborne, arms near neutral."
10,walk_right,phase_05,poses/stella_010_walk_right_phase_05.png,"Walk-in-place cycle toward SCREEN-RIGHT, consistent three-quarter right-facing torso and face, pleasant expression, modest adult stride, minimal body bob. Right leg swings ahead with bent knee, left heel begins rising, left arm swings ahead and right arm back."
11,walk_right,phase_06,poses/stella_011_walk_right_phase_06.png,"Walk-in-place cycle toward SCREEN-RIGHT, consistent three-quarter right-facing torso and face, pleasant expression, modest adult stride, minimal body bob. Right leg extends ahead just before contact, left leg pushes behind, left arm ahead, right arm back."
12,walk_right,phase_07,poses/stella_012_walk_right_phase_07.png,"Walk-in-place cycle toward SCREEN-RIGHT, consistent three-quarter right-facing torso and face, pleasant expression, modest adult stride, minimal body bob. Right leg forward at heel contact, left leg extended back, left heel raised, left arm slightly forward, right arm back."
13,walk_right,phase_08,poses/stella_013_walk_right_phase_08.png,"Walk-in-place cycle toward SCREEN-RIGHT, consistent three-quarter right-facing torso and face, pleasant expression, modest adult stride, minimal body bob. Weight settling onto forward right foot, right knee softens, back left heel lifts, arms swing inward slightly."
14,walk_right,phase_09,poses/stella_014_walk_right_phase_09.png,"Walk-in-place cycle toward SCREEN-RIGHT, consistent three-quarter right-facing torso and face, pleasant expression, modest adult stride, minimal body bob. Right foot planted supporting weight, left foot lifting off behind with knee bending, left arm returning toward side."
15,walk_right,phase_10,poses/stella_015_walk_right_phase_10.png,"Walk-in-place cycle toward SCREEN-RIGHT, consistent three-quarter right-facing torso and face, pleasant expression, modest adult stride, minimal body bob. Right supporting leg almost straight, left knee passes next to right knee, left foot airborne, arms near neutral."
16,walk_right,phase_11,poses/stella_016_walk_right_phase_11.png,"Walk-in-place cycle toward SCREEN-RIGHT, consistent three-quarter right-facing torso and face, pleasant expression, modest adult stride, minimal body bob. Left leg swings ahead with bent knee, right heel begins rising, right arm swings ahead and left arm back."
17,walk_right,phase_12,poses/stella_017_walk_right_phase_12.png,"Walk-in-place cycle toward SCREEN-RIGHT, consistent three-quarter right-facing torso and face, pleasant expression, modest adult stride, minimal body bob. Left leg extends ahead just before contact, right leg pushes behind, right arm ahead, left arm back."
18,walk_left,phase_01,poses/stella_018_walk_left_phase_01.png,"Walk-in-place cycle toward SCREEN-LEFT, consistent three-quarter left-facing torso and face, pleasant expression, modest adult stride, minimal body bob. Left leg forward at heel contact, right leg extended back, right heel raised, right arm slightly forward, left arm back. Preserve watch on anatomical LEFT wrist; do not merely mirror the artwork."
19,walk_left,phase_02,poses/stella_019_walk_left_phase_02.png,"Walk-in-place cycle toward SCREEN-LEFT, consistent three-quarter left-facing torso and face, pleasant expression, modest adult stride, minimal body bob. Weight settling onto forward left foot, left knee softens, back right heel lifts, arms swing inward slightly. Preserve watch on anatomical LEFT wrist; do not merely mirror the artwork."
20,walk_left,phase_03,poses/stella_020_walk_left_phase_03.png,"Walk-in-place cycle toward SCREEN-LEFT, consistent three-quarter left-facing torso and face, pleasant expression, modest adult stride, minimal body bob. Left foot planted supporting weight, right foot lifting off behind with knee bending, right arm returning toward side. Preserve watch on anatomical LEFT wrist; do not merely mirror the artwork."
21,walk_left,phase_04,poses/stella_021_walk_left_phase_04.png,"Walk-in-place cycle toward SCREEN-LEFT, consistent three-quarter left-facing torso and face, pleasant expression, modest adult stride, minimal body bob. Left supporting leg almost straight, right knee passes next to left knee, right foot airborne, arms near neutral. Preserve watch on anatomical LEFT wrist; do not merely mirror the artwork."
22,walk_left,phase_05,poses/stella_022_walk_left_phase_05.png,"Walk-in-place cycle toward SCREEN-LEFT, consistent three-quarter left-facing torso and face, pleasant expression, modest adult stride, minimal body bob. Right leg swings ahead with bent knee, left heel begins rising, left arm swings ahead and right arm back. Preserve watch on anatomical LEFT wrist; do not merely mirror the artwork."
23,walk_left,phase_06,poses/stella_023_walk_left_phase_06.png,"Walk-in-place cycle toward SCREEN-LEFT, consistent three-quarter left-facing torso and face, pleasant expression, modest adult stride, minimal body bob. Right leg extends ahead just before contact, left leg pushes behind, left arm ahead, right arm back. Preserve watch on anatomical LEFT wrist; do not merely mirror the artwork."
24,walk_left,phase_07,poses/stella_024_walk_left_phase_07.png,"Walk-in-place cycle toward SCREEN-LEFT, consistent three-quarter left-facing torso and face, pleasant expression, modest adult stride, minimal body bob. Right leg forward at heel contact, left leg extended back, left heel raised, left arm slightly forward, right arm back. Preserve watch on anatomical LEFT wrist; do not merely mirror the artwork."
25,walk_left,phase_08,poses/stella_025_walk_left_phase_08.png,"Walk-in-place cycle toward SCREEN-LEFT, consistent three-quarter left-facing torso and face, pleasant expression, modest adult stride, minimal body bob. Weight settling onto forward right foot, right knee softens, back left heel lifts, arms swing inward slightly. Preserve watch on anatomical LEFT wrist; do not merely mirror the artwork."
26,walk_left,phase_09,poses/stella_026_walk_left_phase_09.png,"Walk-in-place cycle toward SCREEN-LEFT, consistent three-quarter left-facing torso and face, pleasant expression, modest adult stride, minimal body bob. Right foot planted supporting weight, left foot lifting off behind with knee bending, left arm returning toward side. Preserve watch on anatomical LEFT wrist; do not merely mirror the artwork."
27,walk_left,phase_10,poses/stella_027_walk_left_phase_10.png,"Walk-in-place cycle toward SCREEN-LEFT, consistent three-quarter left-facing torso and face, pleasant expression, modest adult stride, minimal body bob. Right supporting leg almost straight, left knee passes next to right knee, left foot airborne, arms near neutral. Preserve watch on anatomical LEFT wrist; do not merely mirror the artwork."
28,walk_left,phase_11,poses/stella_028_walk_left_phase_11.png,"Walk-in-place cycle toward SCREEN-LEFT, consistent three-quarter left-facing torso and face, pleasant expression, modest adult stride, minimal body bob. Left leg swings ahead with bent knee, right heel begins rising, right arm swings ahead and left arm back. Preserve watch on anatomical LEFT wrist; do not merely mirror the artwork."
29,walk_left,phase_12,poses/stella_029_walk_left_phase_12.png,"Walk-in-place cycle toward SCREEN-LEFT, consistent three-quarter left-facing torso and face, pleasant expression, modest adult stride, minimal body bob. Left leg extends ahead just before contact, right leg pushes behind, right arm ahead, left arm back. Preserve watch on anatomical LEFT wrist; do not merely mirror the artwork."
30,turn_front,turn_1,poses/stella_030_turn_front_turn_1.png,"Both feet grounded close together, hands relaxed beside thighs. Gently turn from screen-left facing toward viewer, torso yaw 60 degrees toward screen-left from full frontal. Head follows torso, friendly smile. Small pivot of feet matching body turn."
31,turn_front,turn_2,poses/stella_031_turn_front_turn_2.png,"Both feet grounded close together, hands relaxed beside thighs. Gently turn from screen-left facing toward viewer, torso yaw 45 degrees toward screen-left from full frontal. Head follows torso, friendly smile. Small pivot of feet matching body turn."
32,turn_front,turn_3,poses/stella_032_turn_front_turn_3.png,"Both feet grounded close together, hands relaxed beside thighs. Gently turn from screen-left facing toward viewer, torso yaw 30 degrees toward screen-left from full frontal. Head follows torso, friendly smile. Small pivot of feet matching body turn."
33,turn_front,turn_4,poses/stella_033_turn_front_turn_4.png,"Both feet grounded close together, hands relaxed beside thighs. Gently turn from screen-left facing toward viewer, torso yaw 15 degrees toward screen-left from full frontal. Head follows torso, friendly smile. Small pivot of feet matching body turn."
34,turn_front,turn_5,poses/stella_034_turn_front_turn_5.png,"Both feet grounded close together, hands relaxed beside thighs. Gently turn from screen-left facing toward viewer, torso yaw 0 degrees toward screen-left from full frontal. Head follows torso, friendly smile. Small pivot of feet matching body turn."
35,point_up_screen_left,gesture_01,poses/stella_035_point_up_screen_left_gesture_01.png,Neutral before upward-left pointing.
36,point_up_screen_left,gesture_02,poses/stella_036_point_up_screen_left_gesture_02.png,Lift right hand toward waist.
37,point_up_screen_left,gesture_03,poses/stella_037_point_up_screen_left_gesture_03.png,"Bring right hand toward chest, index extending."
38,point_up_screen_left,gesture_04,poses/stella_038_point_up_screen_left_gesture_04.png,Raise right hand to begin pointing up-left.
39,point_up_screen_left,gesture_05,poses/stella_039_point_up_screen_left_gesture_05.png,Small adjustment of bent-elbow upward-left point.
40,point_up_screen_left,gesture_06,poses/stella_040_point_up_screen_left_gesture_06.png,Settle bent-elbow upward-left point.
41,point_up_screen_left,gesture_07,poses/stella_041_point_up_screen_left_gesture_07.png,"Lift pointing hand, maintaining the same arm."
42,point_up_screen_left,gesture_08,poses/stella_042_point_up_screen_left_gesture_08.png,Extend arm toward upper-left content.
43,point_up_screen_left,gesture_09,poses/stella_043_point_up_screen_left_gesture_09.png,"Hold extended upper-left point, chin gently lifted."
44,point_up_screen_left,gesture_10,poses/stella_044_point_up_screen_left_gesture_10.png,Warm smile and slight wrist adjustment while holding upper-left point.
45,point_up_screen_right,gesture_01,poses/stella_045_point_up_screen_right_gesture_01.png,Neutral before upward-right pointing.
46,point_up_screen_right,gesture_02,poses/stella_046_point_up_screen_right_gesture_02.png,Lift left hand toward waist.
47,point_up_screen_right,gesture_03,poses/stella_047_point_up_screen_right_gesture_03.png,"Bring left hand toward chest, index extending."
48,point_up_screen_right,gesture_04,poses/stella_048_point_up_screen_right_gesture_04.png,Raise left hand to begin pointing up-right.
49,point_up_screen_right,gesture_05,poses/stella_049_point_up_screen_right_gesture_05.png,Small adjustment of bent-elbow upward-right point.
50,point_up_screen_right,gesture_06,poses/stella_050_point_up_screen_right_gesture_06.png,Settle bent-elbow upward-right point.
51,point_up_screen_right,gesture_07,poses/stella_051_point_up_screen_right_gesture_07.png,"Lift pointing hand, maintaining the same arm."
52,point_up_screen_right,gesture_08,poses/stella_052_point_up_screen_right_gesture_08.png,Extend watch-wearing arm toward upper-right content.
53,point_up_screen_right,gesture_09,poses/stella_053_point_up_screen_right_gesture_09.png,Small upward wrist extension while holding upper-right point.
54,point_up_screen_right,gesture_10,poses/stella_054_point_up_screen_right_gesture_10.png,Small wrist relaxation and warmer smile while holding upper-right point.
55,present,gesture_1,poses/stella_055_present_gesture_1.png,"Neutral frontal standing, hands at sides, glance toward screen-right. Both feet fixed on ground."
56,present,gesture_2,poses/stella_056_present_gesture_2.png,"Right elbow begins bending, right hand rises slightly away from thigh, palm loosening. Both feet fixed on ground."
57,present,gesture_3,poses/stella_057_present_gesture_3.png,"Right forearm lifts to waist height, palm begins turning upward, gaze toward empty space screen-right. Both feet fixed on ground."
58,present,gesture_4,poses/stella_058_present_gesture_4.png,"Use the SAME open presenting palm on LEFT SIDE OF IMAGE as the reference, her anatomical right, NO watch. Extend that SAME hand only 5cm further toward LEFT EDGE OF IMAGE at waist height, palm still up. Her watch arm on image right remains DOWN. No swapping arms."
59,present,gesture_5,poses/stella_059_present_gesture_5.png,"Right arm extends a little farther, open palm up at lower chest height, presenting imaginary content screen-right; no actual objects. Both feet fixed on ground."
60,present,gesture_6,poses/stella_060_present_gesture_6.png,"Keep exactly this open-palm presentation gesture using the SAME non-watch arm on LEFT SIDE OF IMAGE. Lift the SAME palm by only 3cm, fingers relaxed open, friendly smile. Watch arm on image right remains DOWN."
61,present,gesture_7,poses/stella_061_present_gesture_7.png,"Keep exactly this open-palm presentation gesture using the SAME non-watch arm on LEFT SIDE OF IMAGE. Settle the SAME palm by only 2cm, fingers relaxed open, head gently turns 2 degrees toward visitor. Watch arm on image right remains DOWN."
62,think,reaction_1,poses/stella_062_think_reaction_1.png,"Neutral frontal standing, thoughtful eyes glance upward-left, mouth gently closed. Left arm relaxed at side, feet fixed."
63,think,reaction_2,poses/stella_063_think_reaction_2.png,"Right hand begins rising from side toward chest, elbow gently bends, eyebrows subtly lift. Left arm relaxed at side, feet fixed."
64,think,reaction_3,poses/stella_064_think_reaction_3.png,"Right hand at sternum, index finger relaxed upward, gaze stays upward-left. Left arm relaxed at side, feet fixed."
65,think,reaction_4,poses/stella_065_think_reaction_4.png,"Right hand lifts below chin, index finger approaches chin, expression curious. Left arm relaxed at side, feet fixed."
66,think,reaction_5,poses/stella_066_think_reaction_5.png,"Right index finger gently touches chin, other fingers curled naturally, head tilts 5 degrees left. Left arm relaxed at side, feet fixed."
67,think,reaction_6,poses/stella_067_think_reaction_6.png,"Same hand-on-chin pose, brows gently knit in concentration, eyelids slightly narrower, subtle 2-degree head tilt. Left arm relaxed at side, feet fixed."
68,think,reaction_7,poses/stella_068_think_reaction_7.png,"Keep the SAME non-watch hand touching the chin in exactly this thinking pose. Change only subtly relaxing the eyebrows, 2 degree head leveling and tiny knowing smile. Do NOT lower hand. Both feet unchanged."
69,delight,reaction_1,poses/stella_069_delight_reaction_1.png,"Frontal neutral stance, mouth closed with faint smile, hands relaxed."
70,delight,reaction_2,poses/stella_070_delight_reaction_2.png,"Eyebrows gently rise, eyes slightly widen with pleased recognition, hands lift 3cm."
71,delight,reaction_3,poses/stella_071_delight_reaction_3.png,"Smile broadens, both elbows bend softly, hands rise toward waist, palms inward."
72,delight,reaction_4,poses/stella_072_delight_reaction_4.png,"Both hands rise toward lower chest, hands gently curled in relaxed happy fists, shoulders lift slightly."
73,delight,reaction_5,poses/stella_073_delight_reaction_5.png,"Both hands at chest height in restrained celebratory gesture, broad friendly smile, eyes bright, no jump."
74,delight,reaction_6,poses/stella_074_delight_reaction_6.png,"Same celebration, eyes briefly close in delighted smile, fists lift just 2cm, head gently tilts."
75,delight,reaction_7,poses/stella_075_delight_reaction_7.png,"Keep BOTH happy loosely curled fists AT CHEST HEIGHT exactly as reference, elbows bent. Change only OPENING BOTH EYES and lowering fists by 2cm with a warm satisfied smile. Do NOT drop arms to sides. Both feet unchanged."
